Program,YEAR,Period,Week Ending,Geo Level,State,State ANSI,Ag District,Ag District Code,County,County ANSI,Zip Code,Region,watershed_code,Watershed,Commodity,Data Item,Domain,Domain Category,YIELD,CV (%)
SURVEY,2024,YEAR,,COUNTY,ILLINOIS,17,CENTRAL,40,LOGAN,107,,,0,,CORN,"CORN, GRAIN - YIELD, MEASURED IN BU / ACRE",TOTAL,NOT SPECIFIED,234.5,1.9
SURVEY,2024,YEAR,,COUNTY,ILLINOIS,17,CENTRAL,40,MACON,115,,,0,,CORN,"CORN, GRAIN - YIELD, MEASURED IN BU / ACRE",TOTAL,NOT SPECIFIED,243.8,2.1
SURVEY,2024,YEAR,,COUNTY,ILLINOIS,17,CENTRAL,40,MCLEAN,113,,,0,,CORN,"CORN, GRAIN - YIELD, MEASURED IN BU / ACRE",TOTAL,NOT SPECIFIED,246.7,1.7
SURVEY,2024,YEAR,,COUNTY,ILLINOIS,17,CENTRAL,40,MENARD,129,,,0,,CORN,"CORN, GRAIN - YIELD, MEASURED IN BU / ACRE",TOTAL,NOT SPECIFIED,241.7,1.5
SURVEY,2024,YEAR,,COUNTY,ILLINOIS,17,CENTRAL,40,PEORIA,143,,,0,,CORN,"CORN, GRAIN - YIELD, MEASURED IN BU / ACRE",TOTAL,NOT SPECIFIED,218.4,6.8
SURVEY,2024,YEAR,,COUNTY,ILLINOIS,17,CENTRAL,40,STARK,175,,,0,,CORN,"CORN, GRAIN - YIELD, MEASURED IN BU / ACRE",TOTAL,NOT SPECIFIED,225.3,4.1
SURVEY,2024,YEAR,,COUNTY,ILLINOIS,17,CENTRAL,40,TAZEWELL,179,,,0,,CORN,"CORN, GRAIN - YIELD, MEASURED IN BU / ACRE",TOTAL,NOT SPECIFIED,235.3,3.1
SURVEY,2023,YEAR,,COUNTY,ILLINOIS,17,CENTRAL,40,LOGAN,107,,,0,,CORN,"CORN, GRAIN - YIELD, MEASURED IN BU / ACRE",TOTAL,NOT SPECIFIED,211.1,1.6
SURVEY,2023,YEAR,,COUNTY,ILLINOIS,17,CENTRAL,40,MACON,115,,,0,,CORN,"CORN, GRAIN - YIELD, MEASURED IN BU / ACRE",TOTAL,NOT SPECIFIED,225.3,2.8
SURVEY,2023,YEAR,,COUNTY,ILLINOIS,17,CENTRAL,40,MASON,125,,,0,,CORN,"CORN, GRAIN - YIELD, MEASURED IN BU / ACRE",TOTAL,NOT SPECIFIED,208.1,3.6
SURVEY,2023,YEAR,,COUNTY,ILLINOIS,17,CENTRAL,40,MCLEAN,113,,,0,,CORN,"CORN, GRAIN - YIELD, MEASURED IN BU / ACRE",TOTAL,NOT SPECIFIED,223.3,2.2
SURVEY,2023,YEAR,,COUNTY,ILLINOIS,17,CENTRAL,40,MENARD,129,,,0,,CORN,"CORN, GRAIN - YIELD, MEASURED IN BU / ACRE",TOTAL,NOT SPECIFIED,214.4,3.9
SURVEY,2023,YEAR,,COUNTY,ILLINOIS,17,CENTRAL,40,PEORIA,143,,,0,,CORN,"CORN, GRAIN - YIELD, MEASURED IN BU / ACRE",TOTAL,NOT SPECIFIED,220,3
SURVEY,2023,YEAR,,COUNTY,ILLINOIS,17,CENTRAL,40,STARK,175,,,0,,CORN,"CORN, GRAIN - YIELD, MEASURED IN BU / ACRE",TOTAL,NOT SPECIFIED,234.1,1.7
SURVEY,2023,YEAR,,COUNTY,ILLINOIS,17,CENTRAL,40,TAZEWELL,179,,,0,,CORN,"CORN, GRAIN - YIELD, MEASURED IN BU / ACRE",TOTAL,NOT SPECIFIED,222,2.2
SURVEY,2023,YEAR,,COUNTY,ILLINOIS,17,CENTRAL,40,WOODFORD,203,,,0,,CORN,"CORN, GRAIN - YIELD, MEASURED IN BU / ACRE",TOTAL,NOT SPECIFIED,223.2,2.4
SURVEY,2022,YEAR,,COUNTY,ILLINOIS,17,CENTRAL,40,DE WITT,39,,,0,,CORN,"CORN, GRAIN - YIELD, MEASURED IN BU / ACRE",TOTAL,NOT SPECIFIED,232.9,1.5
SURVEY,2022,YEAR,,COUNTY,ILLINOIS,17,CENTRAL,40,LOGAN,107,,,0,,CORN,"CORN, GRAIN - YIELD, MEASURED IN BU / ACRE",TOTAL,NOT SPECIFIED,229.1,1.8
SURVEY,2022,YEAR,,COUNTY,ILLINOIS,17,CENTRAL,40,MACON,115,,,0,,CORN,"CORN, GRAIN - YIELD, MEASURED IN BU / ACRE",TOTAL,NOT SPECIFIED,232.5,1.3
SURVEY,2022,YEAR,,COUNTY,ILLINOIS,17,CENTRAL,40,MARSHALL,123,,,0,,CORN,"CORN, GRAIN - YIELD, MEASURED IN BU / ACRE",TOTAL,NOT SPECIFIED,221.7,2
SURVEY,2022,YEAR,,COUNTY,ILLINOIS,17,CENTRAL,40,MASON,125,,,0,,CORN,"CORN, GRAIN - YIELD, MEASURED IN BU / ACRE",TOTAL,NOT SPECIFIED,219.9,2.5
SURVEY,2022,YEAR,,COUNTY,ILLINOIS,17,CENTRAL,40,MCLEAN,113,,,0,,CORN,"CORN, GRAIN - YIELD, MEASURED IN BU / ACRE",TOTAL,NOT SPECIFIED,232.3,1.5
SURVEY,2022,YEAR,,COUNTY,ILLINOIS,17,CENTRAL,40,MENARD,129,,,0,,CORN,"CORN, GRAIN - YIELD, MEASURED IN BU / ACRE",TOTAL,NOT SPECIFIED,229.3,2.8
SURVEY,2022,YEAR,,COUNTY,ILLINOIS,17,CENTRAL,40,PEORIA,143,,,0,,CORN,"CORN, GRAIN - YIELD, MEASURED IN BU / ACRE",TOTAL,NOT SPECIFIED,224.5,1.9
SURVEY,2022,YEAR,,COUNTY,ILLINOIS,17,CENTRAL,40,STARK,175,,,0,,CORN,"CORN, GRAIN - YIELD, MEASURED IN BU / ACRE",TOTAL,NOT SPECIFIED,240.6,1.7
SURVEY,2022,YEAR,,COUNTY,ILLINOIS,17,CENTRAL,40,TAZEWELL,179,,,0,,CORN,"CORN, GRAIN - YIELD, MEASURED IN BU / ACRE",TOTAL,NOT SPECIFIED,229.9,2.2
SURVEY,2022,YEAR,,COUNTY,ILLINOIS,17,CENTRAL,40,WOODFORD,203,,,0,,CORN,"CORN, GRAIN - YIELD, MEASURED IN BU / ACRE",TOTAL,NOT SPECIFIED,235.7,1.2
SURVEY,2021,YEAR,,COUNTY,ILLINOIS,17,CENTRAL,40,DE WITT,39,,,0,,CORN,"CORN, GRAIN - YIELD, MEASURED IN BU / ACRE",TOTAL,NOT SPECIFIED,209.2,2.4
SURVEY,2021,YEAR,,COUNTY,ILLINOIS,17,CENTRAL,40,LOGAN,107,,,0,,CORN,"CORN, GRAIN - YIELD, MEASURED IN BU / ACRE",TOTAL,NOT SPECIFIED,209.5,3.8
SURVEY,2021,YEAR,,COUNTY,ILLINOIS,17,CENTRAL,40,MACON,115,,,0,,CORN,"CORN, GRAIN - YIELD, MEASURED IN BU / ACRE",TOTAL,NOT SPECIFIED,221.1,2.4
SURVEY,2021,YEAR,,COUNTY,ILLINOIS,17,CENTRAL,40,MARSHALL,123,,,0,,CORN,"CORN, GRAIN - YIELD, MEASURED IN BU / ACRE",TOTAL,NOT SPECIFIED,214.5,1.3
SURVEY,2021,YEAR,,COUNTY,ILLINOIS,17,CENTRAL,40,MASON,125,,,0,,CORN,"CORN, GRAIN - YIELD, MEASURED IN BU / ACRE",TOTAL,NOT SPECIFIED,197.4,3.6
SURVEY,2021,YEAR,,COUNTY,ILLINOIS,17,CENTRAL,40,MCLEAN,113,,,0,,CORN,"CORN, GRAIN - YIELD, MEASURED IN BU / ACRE",TOTAL,NOT SPECIFIED,205.7,2.3
SURVEY,2021,YEAR,,COUNTY,ILLINOIS,17,CENTRAL,40,MENARD,129,,,0,,CORN,"CORN, GRAIN - YIELD, MEASURED IN BU / ACRE",TOTAL,NOT SPECIFIED,201,2.8
SURVEY,2021,YEAR,,COUNTY,ILLINOIS,17,CENTRAL,40,PEORIA,143,,,0,,CORN,"CORN, GRAIN - YIELD, MEASURED IN BU / ACRE",TOTAL,NOT SPECIFIED,215,1.3
SURVEY,2021,YEAR,,COUNTY,ILLINOIS,17,CENTRAL,40,STARK,175,,,0,,CORN,"CORN, GRAIN - YIELD, MEASURED IN BU / ACRE",TOTAL,NOT SPECIFIED,217.2,2.1
SURVEY,2021,YEAR,,COUNTY,ILLINOIS,17,CENTRAL,40,TAZEWELL,179,,,0,,CORN,"CORN, GRAIN - YIELD, MEASURED IN BU / ACRE",TOTAL,NOT SPECIFIED,204.8,2.8
SURVEY,2021,YEAR,,COUNTY,ILLINOIS,17,CENTRAL,40,WOODFORD,203,,,0,,CORN,"CORN, GRAIN - YIELD, MEASURED IN BU / ACRE",TOTAL,NOT SPECIFIED,220.2,2.4
SURVEY,2020,YEAR,,COUNTY,ILLINOIS,17,CENTRAL,40,DE WITT,39,,,0,,CORN,"CORN, GRAIN - YIELD, MEASURED IN BU / ACRE",TOTAL,NOT SPECIFIED,200.5,2.7
SURVEY,2020,YEAR,,COUNTY,ILLINOIS,17,CENTRAL,40,LOGAN,107,,,0,,CORN,"CORN, GRAIN - YIELD, MEASURED IN BU / ACRE",TOTAL,NOT SPECIFIED,209.6,1.9
SURVEY,2020,YEAR,,COUNTY,ILLINOIS,17,CENTRAL,40,MACON,115,,,0,,CORN,"CORN, GRAIN - YIELD, MEASURED IN BU / ACRE",TOTAL,NOT SPECIFIED,209.2,1
SURVEY,2020,YEAR,,COUNTY,ILLINOIS,17,CENTRAL,40,MARSHALL,123,,,0,,CORN,"CORN, GRAIN - YIELD, MEASURED IN BU / ACRE",TOTAL,NOT SPECIFIED,206,1.2
SURVEY,2020,YEAR,,COUNTY,ILLINOIS,17,CENTRAL,40,MASON,125,,,0,,CORN,"CORN, GRAIN - YIELD, MEASURED IN BU / ACRE",TOTAL,NOT SPECIFIED,194.6,2.9
SURVEY,2020,YEAR,,COUNTY,ILLINOIS,17,CENTRAL,40,MCLEAN,113,,,0,,CORN,"CORN, GRAIN - YIELD, MEASURED IN BU / ACRE",TOTAL,NOT SPECIFIED,200.7,1.6
SURVEY,2020,YEAR,,COUNTY,ILLINOIS,17,CENTRAL,40,MENARD,129,,,0,,CORN,"CORN, GRAIN - YIELD, MEASURED IN BU / ACRE",TOTAL,NOT SPECIFIED,215.2,1.6
SURVEY,2020,YEAR,,COUNTY,ILLINOIS,17,CENTRAL,40,PEORIA,143,,,0,,CORN,"CORN, GRAIN - YIELD, MEASURED IN BU / ACRE",TOTAL,NOT SPECIFIED,213.6,3.3
SURVEY,2020,YEAR,,COUNTY,ILLINOIS,17,CENTRAL,40,STARK,175,,,0,,CORN,"CORN, GRAIN - YIELD, MEASURED IN BU / ACRE",TOTAL,NOT SPECIFIED,211.3,1.3
SURVEY,2020,YEAR,,COUNTY,ILLINOIS,17,CENTRAL,40,TAZEWELL,179,,,0,,CORN,"CORN, GRAIN - YIELD, MEASURED IN BU / ACRE",TOTAL,NOT SPECIFIED,195.9,4.2
SURVEY,2020,YEAR,,COUNTY,ILLINOIS,17,CENTRAL,40,WOODFORD,203,,,0,,CORN,"CORN, GRAIN - YIELD, MEASURED IN BU / ACRE",TOTAL,NOT SPECIFIED,198.7,3.1
SURVEY,2019,YEAR,,COUNTY,ILLINOIS,17,CENTRAL,40,LOGAN,107,,,0,,CORN,"CORN, GRAIN - YIELD, MEASURED IN BU / ACRE",TOTAL,NOT SPECIFIED,194.2,
SURVEY,2019,YEAR,,COUNTY,ILLINOIS,17,CENTRAL,40,MACON,115,,,0,,CORN,"CORN, GRAIN - YIELD, MEASURED IN BU / ACRE",TOTAL,NOT SPECIFIED,204.4,
SURVEY,2019,YEAR,,COUNTY,ILLINOIS,17,CENTRAL,40,MARSHALL,123,,,0,,CORN,"CORN, GRAIN - YIELD, MEASURED IN BU / ACRE",TOTAL,NOT SPECIFIED,184.9,
SURVEY,2019,YEAR,,COUNTY,ILLINOIS,17,CENTRAL,40,MASON,125,,,0,,CORN,"CORN, GRAIN - YIELD, MEASURED IN BU / ACRE",TOTAL,NOT SPECIFIED,169,
SURVEY,2019,YEAR,,COUNTY,ILLINOIS,17,CENTRAL,40,MCLEAN,113,,,0,,CORN,"CORN, GRAIN - YIELD, MEASURED IN BU / ACRE",TOTAL,NOT SPECIFIED,198.8,
SURVEY,2019,YEAR,,COUNTY,ILLINOIS,17,CENTRAL,40,OTHER (COMBINED) COUNTIES,,,,0,,CORN,"CORN, GRAIN - YIELD, MEASURED IN BU / ACRE",TOTAL,NOT SPECIFIED,200.5,
SURVEY,2019,YEAR,,COUNTY,ILLINOIS,17,CENTRAL,40,PEORIA,143,,,0,,CORN,"CORN, GRAIN - YIELD, MEASURED IN BU / ACRE",TOTAL,NOT SPECIFIED,193.4,
SURVEY,2019,YEAR,,COUNTY,ILLINOIS,17,CENTRAL,40,STARK,175,,,0,,CORN,"CORN, GRAIN - YIELD, MEASURED IN BU / ACRE",TOTAL,NOT SPECIFIED,202.9,
SURVEY,2019,YEAR,,COUNTY,ILLINOIS,17,CENTRAL,40,TAZEWELL,179,,,0,,CORN,"CORN, GRAIN - YIELD, MEASURED IN BU / ACRE",TOTAL,NOT SPECIFIED,205.6,
SURVEY,2019,YEAR,,COUNTY,ILLINOIS,17,CENTRAL,40,WOODFORD,203,,,0,,CORN,"CORN, GRAIN - YIELD, MEASURED IN BU / ACRE",TOTAL,NOT SPECIFIED,183.6,
SURVEY,2018,YEAR,,COUNTY,ILLINOIS,17,CENTRAL,40,DE WITT,39,,,0,,CORN,"CORN, GRAIN - YIELD, MEASURED IN BU / ACRE",TOTAL,NOT SPECIFIED,225,
SURVEY,2018,YEAR,,COUNTY,ILLINOIS,17,CENTRAL,40,LOGAN,107,,,0,,CORN,"CORN, GRAIN - YIELD, MEASURED IN BU / ACRE",TOTAL,NOT SPECIFIED,236.2,
SURVEY,2018,YEAR,,COUNTY,ILLINOIS,17,CENTRAL,40,MACON,115,,,0,,CORN,"CORN, GRAIN - YIELD, MEASURED IN BU / ACRE",TOTAL,NOT SPECIFIED,239.9,
SURVEY,2018,YEAR,,COUNTY,ILLINOIS,17,CENTRAL,40,MARSHALL,123,,,0,,CORN,"CORN, GRAIN - YIELD, MEASURED IN BU / ACRE",TOTAL,NOT SPECIFIED,213.9,
SURVEY,2018,YEAR,,COUNTY,ILLINOIS,17,CENTRAL,40,MCLEAN,113,,,0,,CORN,"CORN, GRAIN - YIELD, MEASURED IN BU / ACRE",TOTAL,NOT SPECIFIED,229.3,
SURVEY,2018,YEAR,,COUNTY,ILLINOIS,17,CENTRAL,40,OTHER (COMBINED) COUNTIES,,,,0,,CORN,"CORN, GRAIN - YIELD, MEASURED IN BU / ACRE",TOTAL,NOT SPECIFIED,209,
SURVEY,2018,YEAR,,COUNTY,ILLINOIS,17,CENTRAL,40,PEORIA,143,,,0,,CORN,"CORN, GRAIN - YIELD, MEASURED IN BU / ACRE",TOTAL,NOT SPECIFIED,228.9,
SURVEY,2018,YEAR,,COUNTY,ILLINOIS,17,CENTRAL,40,STARK,175,,,0,,CORN,"CORN, GRAIN - YIELD, MEASURED IN BU / ACRE",TOTAL,NOT SPECIFIED,234,
SURVEY,2018,YEAR,,COUNTY,ILLINOIS,17,CENTRAL,40,TAZEWELL,179,,,0,,CORN,"CORN, GRAIN - YIELD, MEASURED IN BU / ACRE",TOTAL,NOT SPECIFIED,235.4,
SURVEY,2018,YEAR,,COUNTY,ILLINOIS,17,CENTRAL,40,WOODFORD,203,,,0,,CORN,"CORN, GRAIN - YIELD, MEASURED IN BU / ACRE",TOTAL,NOT SPECIFIED,223.7,
SURVEY,2017,YEAR,,COUNTY,ILLINOIS,17,CENTRAL,40,DE WITT,39,,,0,,CORN,"CORN, GRAIN - YIELD, MEASURED IN BU / ACRE",TOTAL,NOT SPECIFIED,201.1,
SURVEY,2017,YEAR,,COUNTY,ILLINOIS,17,CENTRAL,40,LOGAN,107,,,0,,CORN,"CORN, GRAIN - YIELD, MEASURED IN BU / ACRE",TOTAL,NOT SPECIFIED,213,
SURVEY,2017,YEAR,,COUNTY,ILLINOIS,17,CENTRAL,40,MACON,115,,,0,,CORN,"CORN, GRAIN - YIELD, MEASURED IN BU / ACRE",TOTAL,NOT SPECIFIED,216.5,
SURVEY,2017,YEAR,,COUNTY,ILLINOIS,17,CENTRAL,40,MARSHALL,123,,,0,,CORN,"CORN, GRAIN - YIELD, MEASURED IN BU / ACRE",TOTAL,NOT SPECIFIED,230.7,
SURVEY,2017,YEAR,,COUNTY,ILLINOIS,17,CENTRAL,40,MASON,125,,,0,,CORN,"CORN, GRAIN - YIELD, MEASURED IN BU / ACRE",TOTAL,NOT SPECIFIED,201.8,
SURVEY,2017,YEAR,,COUNTY,ILLINOIS,17,CENTRAL,40,MCLEAN,113,,,0,,CORN,"CORN, GRAIN - YIELD, MEASURED IN BU / ACRE",TOTAL,NOT SPECIFIED,223.9,
SURVEY,2017,YEAR,,COUNTY,ILLINOIS,17,CENTRAL,40,MENARD,129,,,0,,CORN,"CORN, GRAIN - YIELD, MEASURED IN BU / ACRE",TOTAL,NOT SPECIFIED,220.7,
SURVEY,2017,YEAR,,COUNTY,ILLINOIS,17,CENTRAL,40,PEORIA,143,,,0,,CORN,"CORN, GRAIN - YIELD, MEASURED IN BU / ACRE",TOTAL,NOT SPECIFIED,227.7,
SURVEY,2017,YEAR,,COUNTY,ILLINOIS,17,CENTRAL,40,STARK,175,,,0,,CORN,"CORN, GRAIN - YIELD, MEASURED IN BU / ACRE",TOTAL,NOT SPECIFIED,230.4,
SURVEY,2017,YEAR,,COUNTY,ILLINOIS,17,CENTRAL,40,TAZEWELL,179,,,0,,CORN,"CORN, GRAIN - YIELD, MEASURED IN BU / ACRE",TOTAL,NOT SPECIFIED,227.9,
SURVEY,2017,YEAR,,COUNTY,ILLINOIS,17,CENTRAL,40,WOODFORD,203,,,0,,CORN,"CORN, GRAIN - YIELD, MEASURED IN BU / ACRE",TOTAL,NOT SPECIFIED,214.2,
SURVEY,2016,YEAR,,COUNTY,ILLINOIS,17,CENTRAL,40,DE WITT,39,,,0,,CORN,"CORN, GRAIN - YIELD, MEASURED IN BU / ACRE",TOTAL,NOT SPECIFIED,214.5,
SURVEY,2016,YEAR,,COUNTY,ILLINOIS,17,CENTRAL,40,LOGAN,107,,,0,,CORN,"CORN, GRAIN - YIELD, MEASURED IN BU / ACRE",TOTAL,NOT SPECIFIED,219.4,
SURVEY,2016,YEAR,,COUNTY,ILLINOIS,17,CENTRAL,40,MACON,115,,,0,,CORN,"CORN, GRAIN - YIELD, MEASURED IN BU / ACRE",TOTAL,NOT SPECIFIED,214.9,
SURVEY,2016,YEAR,,COUNTY,ILLINOIS,17,CENTRAL,40,MARSHALL,123,,,0,,CORN,"CORN, GRAIN - YIELD, MEASURED IN BU / ACRE",TOTAL,NOT SPECIFIED,215.6,
SURVEY,2016,YEAR,,COUNTY,ILLINOIS,17,CENTRAL,40,MASON,125,,,0,,CORN,"CORN, GRAIN - YIELD, MEASURED IN BU / ACRE",TOTAL,NOT SPECIFIED,198.6,
SURVEY,2016,YEAR,,COUNTY,ILLINOIS,17,CENTRAL,40,MCLEAN,113,,,0,,CORN,"CORN, GRAIN - YIELD, MEASURED IN BU / ACRE",TOTAL,NOT SPECIFIED,218.1,
SURVEY,2016,YEAR,,COUNTY,ILLINOIS,17,CENTRAL,40,MENARD,129,,,0,,CORN,"CORN, GRAIN - YIELD, MEASURED IN BU / ACRE",TOTAL,NOT SPECIFIED,209.3,
SURVEY,2016,YEAR,,COUNTY,ILLINOIS,17,CENTRAL,40,PEORIA,143,,,0,,CORN,"CORN, GRAIN - YIELD, MEASURED IN BU / ACRE",TOTAL,NOT SPECIFIED,214.6,
SURVEY,2016,YEAR,,COUNTY,ILLINOIS,17,CENTRAL,40,STARK,175,,,0,,CORN,"CORN, GRAIN - YIELD, MEASURED IN BU / ACRE",TOTAL,NOT SPECIFIED,225.7,
SURVEY,2016,YEAR,,COUNTY,ILLINOIS,17,CENTRAL,40,TAZEWELL,179,,,0,,CORN,"CORN, GRAIN - YIELD, MEASURED IN BU / ACRE",TOTAL,NOT SPECIFIED,236,
SURVEY,2016,YEAR,,COUNTY,ILLINOIS,17,CENTRAL,40,WOODFORD,203,,,0,,CORN,"CORN, GRAIN - YIELD, MEASURED IN BU / ACRE",TOTAL,NOT SPECIFIED,232.8,
SURVEY,2015,YEAR,,COUNTY,ILLINOIS,17,CENTRAL,40,DE WITT,39,,,0,,CORN,"CORN, GRAIN - YIELD, MEASURED IN BU / ACRE",TOTAL,NOT SPECIFIED,207.8,
SURVEY,2015,YEAR,,COUNTY,ILLINOIS,17,CENTRAL,40,LOGAN,107,,,0,,CORN,"CORN, GRAIN - YIELD, MEASURED IN BU / ACRE",TOTAL,NOT SPECIFIED,172.8,
SURVEY,2015,YEAR,,COUNTY,ILLINOIS,17,CENTRAL,40,MACON,115,,,0,,CORN,"CORN, GRAIN - YIELD, MEASURED IN BU / ACRE",TOTAL,NOT SPECIFIED,207.5,
SURVEY,2015,YEAR,,COUNTY,ILLINOIS,17,CENTRAL,40,MARSHALL,123,,,0,,CORN,"CORN, GRAIN - YIELD, MEASURED IN BU / ACRE",TOTAL,NOT SPECIFIED,198.4,
SURVEY,2015,YEAR,,COUNTY,ILLINOIS,17,CENTRAL,40,MASON,125,,,0,,CORN,"CORN, GRAIN - YIELD, MEASURED IN BU / ACRE",TOTAL,NOT SPECIFIED,161.5,
SURVEY,2015,YEAR,,COUNTY,ILLINOIS,17,CENTRAL,40,MCLEAN,113,,,0,,CORN,"CORN, GRAIN - YIELD, MEASURED IN BU / ACRE",TOTAL,NOT SPECIFIED,199.2,
SURVEY,2015,YEAR,,COUNTY,ILLINOIS,17,CENTRAL,40,MENARD,129,,,0,,CORN,"CORN, GRAIN - YIELD, MEASURED IN BU / ACRE",TOTAL,NOT SPECIFIED,188.2,
SURVEY,2015,YEAR,,COUNTY,ILLINOIS,17,CENTRAL,40,PEORIA,143,,,0,,CORN,"CORN, GRAIN - YIELD, MEASURED IN BU / ACRE",TOTAL,NOT SPECIFIED,185.9,
SURVEY,2015,YEAR,,COUNTY,ILLINOIS,17,CENTRAL,40,STARK,175,,,0,,CORN,"CORN, GRAIN - YIELD, MEASURED IN BU / ACRE",TOTAL,NOT SPECIFIED,210.9,
SURVEY,2015,YEAR,,COUNTY,ILLINOIS,17,CENTRAL,40,TAZEWELL,179,,,0,,CORN,"CORN, GRAIN - YIELD, MEASURED IN BU / ACRE",TOTAL,NOT SPECIFIED,182.5,
SURVEY,2015,YEAR,,COUNTY,ILLINOIS,17,CENTRAL,40,WOODFORD,203,,,0,,CORN,"CORN, GRAIN - YIELD, MEASURED IN BU / ACRE",TOTAL,NOT SPECIFIED,201,
SURVEY,2014,YEAR,,COUNTY,ILLINOIS,17,CENTRAL,40,DE WITT,39,,,0,,CORN,"CORN, GRAIN - YIELD, MEASURED IN BU / ACRE",TOTAL,NOT SPECIFIED,221,
SURVEY,2014,YEAR,,COUNTY,ILLINOIS,17,CENTRAL,40,LOGAN,107,,,0,,CORN,"CORN, GRAIN - YIELD, MEASURED IN BU / ACRE",TOTAL,NOT SPECIFIED,230.8,
SURVEY,2014,YEAR,,COUNTY,ILLINOIS,17,CENTRAL,40,MACON,115,,,0,,CORN,"CORN, GRAIN - YIELD, MEASURED IN BU / ACRE",TOTAL,NOT SPECIFIED,236,
SURVEY,2014,YEAR,,COUNTY,ILLINOIS,17,CENTRAL,40,MARSHALL,123,,,0,,CORN,"CORN, GRAIN - YIELD, MEASURED IN BU / ACRE",TOTAL,NOT SPECIFIED,207.3,
SURVEY,2014,YEAR,,COUNTY,ILLINOIS,17,CENTRAL,40,MASON,125,,,0,,CORN,"CORN, GRAIN - YIELD, MEASURED IN BU / ACRE",TOTAL,NOT SPECIFIED,195.7,
SURVEY,2014,YEAR,,COUNTY,ILLINOIS,17,CENTRAL,40,MCLEAN,113,,,0,,CORN,"CORN, GRAIN - YIELD, MEASURED IN BU / ACRE",TOTAL,NOT SPECIFIED,218.3,
SURVEY,2014,YEAR,,COUNTY,ILLINOIS,17,CENTRAL,40,MENARD,129,,,0,,CORN,"CORN, GRAIN - YIELD, MEASURED IN BU / ACRE",TOTAL,NOT SPECIFIED,222.7,
SURVEY,2014,YEAR,,COUNTY,ILLINOIS,17,CENTRAL,40,PEORIA,143,,,0,,CORN,"CORN, GRAIN - YIELD, MEASURED IN BU / ACRE",TOTAL,NOT SPECIFIED,208.1,
SURVEY,2014,YEAR,,COUNTY,ILLINOIS,17,CENTRAL,40,STARK,175,,,0,,CORN,"CORN, GRAIN - YIELD, MEASURED IN BU / ACRE",TOTAL,NOT SPECIFIED,207.1,
SURVEY,2014,YEAR,,COUNTY,ILLINOIS,17,CENTRAL,40,TAZEWELL,179,,,0,,CORN,"CORN, GRAIN - YIELD, MEASURED IN BU / ACRE",TOTAL,NOT SPECIFIED,224.4,
SURVEY,2014,YEAR,,COUNTY,ILLINOIS,17,CENTRAL,40,WOODFORD,203,,,0,,CORN,"CORN, GRAIN - YIELD, MEASURED IN BU / ACRE",TOTAL,NOT SPECIFIED,217.5,
SURVEY,2013,YEAR,,COUNTY,ILLINOIS,17,CENTRAL,40,LOGAN,107,,,0,,CORN,"CORN, GRAIN - YIELD, MEASURED IN BU / ACRE",TOTAL,NOT SPECIFIED,198.1,
SURVEY,2013,YEAR,,COUNTY,ILLINOIS,17,CENTRAL,40,MACON,115,,,0,,CORN,"CORN, GRAIN - YIELD, MEASURED IN BU / ACRE",TOTAL,NOT SPECIFIED,192.7,
SURVEY,2013,YEAR,,COUNTY,ILLINOIS,17,CENTRAL,40,MARSHALL,123,,,0,,CORN,"CORN, GRAIN - YIELD, MEASURED IN BU / ACRE",TOTAL,NOT SPECIFIED,191.2,
SURVEY,2013,YEAR,,COUNTY,ILLINOIS,17,CENTRAL,40,MASON,125,,,0,,CORN,"CORN, GRAIN - YIELD, MEASURED IN BU / ACRE",TOTAL,NOT SPECIFIED,163.3,
SURVEY,2013,YEAR,,COUNTY,ILLINOIS,17,CENTRAL,40,MCLEAN,113,,,0,,CORN,"CORN, GRAIN - YIELD, MEASURED IN BU / ACRE",TOTAL,NOT SPECIFIED,188.6,
SURVEY,2013,YEAR,,COUNTY,ILLINOIS,17,CENTRAL,40,OTHER (COMBINED) COUNTIES,,,,0,,CORN,"CORN, GRAIN - YIELD, MEASURED IN BU / ACRE",TOTAL,NOT SPECIFIED,195.2,
SURVEY,2013,YEAR,,COUNTY,ILLINOIS,17,CENTRAL,40,PEORIA,143,,,0,,CORN,"CORN, GRAIN - YIELD, MEASURED IN BU / ACRE",TOTAL,NOT SPECIFIED,180.5,
SURVEY,2013,YEAR,,COUNTY,ILLINOIS,17,CENTRAL,40,STARK,175,,,0,,CORN,"CORN, GRAIN - YIELD, MEASURED IN BU / ACRE",TOTAL,NOT SPECIFIED,192.4,
SURVEY,2013,YEAR,,COUNTY,ILLINOIS,17,CENTRAL,40,TAZEWELL,179,,,0,,CORN,"CORN, GRAIN - YIELD, MEASURED IN BU / ACRE",TOTAL,NOT SPECIFIED,177.1,
SURVEY,2013,YEAR,,COUNTY,ILLINOIS,17,CENTRAL,40,WOODFORD,203,,,0,,CORN,"CORN, GRAIN - YIELD, MEASURED IN BU / ACRE",TOTAL,NOT SPECIFIED,192.3,
SURVEY,2012,YEAR,,COUNTY,ILLINOIS,17,CENTRAL,40,DE WITT,39,,,0,,CORN,"CORN, GRAIN - YIELD, MEASURED IN BU / ACRE",TOTAL,NOT SPECIFIED,134.4,
SURVEY,2012,YEAR,,COUNTY,ILLINOIS,17,CENTRAL,40,LOGAN,107,,,0,,CORN,"CORN, GRAIN - YIELD, MEASURED IN BU / ACRE",TOTAL,NOT SPECIFIED,96.5,
SURVEY,2012,YEAR,,COUNTY,ILLINOIS,17,CENTRAL,40,MACON,115,,,0,,CORN,"CORN, GRAIN - YIELD, MEASURED IN BU / ACRE",TOTAL,NOT SPECIFIED,102.8,
SURVEY,2012,YEAR,,COUNTY,ILLINOIS,17,CENTRAL,40,MARSHALL,123,,,0,,CORN,"CORN, GRAIN - YIELD, MEASURED IN BU / ACRE",TOTAL,NOT SPECIFIED,123.9,
SURVEY,2012,YEAR,,COUNTY,ILLINOIS,17,CENTRAL,40,MASON,125,,,0,,CORN,"CORN, GRAIN - YIELD, MEASURED IN BU / ACRE",TOTAL,NOT SPECIFIED,110.2,
SURVEY,2012,YEAR,,COUNTY,ILLINOIS,17,CENTRAL,40,MCLEAN,113,,,0,,CORN,"CORN, GRAIN - YIELD, MEASURED IN BU / ACRE",TOTAL,NOT SPECIFIED,109.5,
SURVEY,2012,YEAR,,COUNTY,ILLINOIS,17,CENTRAL,40,MENARD,129,,,0,,CORN,"CORN, GRAIN - YIELD, MEASURED IN BU / ACRE",TOTAL,NOT SPECIFIED,97.4,
SURVEY,2012,YEAR,,COUNTY,ILLINOIS,17,CENTRAL,40,PEORIA,143,,,0,,CORN,"CORN, GRAIN - YIELD, MEASURED IN BU / ACRE",TOTAL,NOT SPECIFIED,161.9,
SURVEY,2012,YEAR,,COUNTY,ILLINOIS,17,CENTRAL,40,STARK,175,,,0,,CORN,"CORN, GRAIN - YIELD, MEASURED IN BU / ACRE",TOTAL,NOT SPECIFIED,148.4,
SURVEY,2012,YEAR,,COUNTY,ILLINOIS,17,CENTRAL,40,TAZEWELL,179,,,0,,CORN,"CORN, GRAIN - YIELD, MEASURED IN BU / ACRE",TOTAL,NOT SPECIFIED,133.4,
SURVEY,2012,YEAR,,COUNTY,ILLINOIS,17,CENTRAL,40,WOODFORD,203,,,0,,CORN,"CORN, GRAIN - YIELD, MEASURED IN BU / ACRE",TOTAL,NOT SPECIFIED,102.5,
SURVEY,2011,YEAR,,COUNTY,ILLINOIS,17,CENTRAL,40,DE WITT,39,,,0,,CORN,"CORN, GRAIN - YIELD, MEASURED IN BU / ACRE",TOTAL,NOT SPECIFIED,177.6,
SURVEY,2011,YEAR,,COUNTY,ILLINOIS,17,CENTRAL,40,LOGAN,107,,,0,,CORN,"CORN, GRAIN - YIELD, MEASURED IN BU / ACRE",TOTAL,NOT SPECIFIED,173.4,
SURVEY,2011,YEAR,,COUNTY,ILLINOIS,17,CENTRAL,40,MACON,115,,,0,,CORN,"CORN, GRAIN - YIELD, MEASURED IN BU / ACRE",TOTAL,NOT SPECIFIED,153.2,
SURVEY,2011,YEAR,,COUNTY,ILLINOIS,17,CENTRAL,40,MARSHALL,123,,,0,,CORN,"CORN, GRAIN - YIELD, MEASURED IN BU / ACRE",TOTAL,NOT SPECIFIED,178.4,
SURVEY,2011,YEAR,,COUNTY,ILLINOIS,17,CENTRAL,40,MASON,125,,,0,,CORN,"CORN, GRAIN - YIELD, MEASURED IN BU / ACRE",TOTAL,NOT SPECIFIED,142.7,
SURVEY,2011,YEAR,,COUNTY,ILLINOIS,17,CENTRAL,40,MCLEAN,113,,,0,,CORN,"CORN, GRAIN - YIELD, MEASURED IN BU / ACRE",TOTAL,NOT SPECIFIED,159.6,
SURVEY,2011,YEAR,,COUNTY,ILLINOIS,17,CENTRAL,40,MENARD,129,,,0,,CORN,"CORN, GRAIN - YIELD, MEASURED IN BU / ACRE",TOTAL,NOT SPECIFIED,169.4,
SURVEY,2011,YEAR,,COUNTY,ILLINOIS,17,CENTRAL,40,PEORIA,143,,,0,,CORN,"CORN, GRAIN - YIELD, MEASURED IN BU / ACRE",TOTAL,NOT SPECIFIED,168.9,
SURVEY,2011,YEAR,,COUNTY,ILLINOIS,17,CENTRAL,40,STARK,175,,,0,,CORN,"CORN, GRAIN - YIELD, MEASURED IN BU / ACRE",TOTAL,NOT SPECIFIED,181.2,
SURVEY,2011,YEAR,,COUNTY,ILLINOIS,17,CENTRAL,40,TAZEWELL,179,,,0,,CORN,"CORN, GRAIN - YIELD, MEASURED IN BU / ACRE",TOTAL,NOT SPECIFIED,172.7,
SURVEY,2011,YEAR,,COUNTY,ILLINOIS,17,CENTRAL,40,WOODFORD,203,,,0,,CORN,"CORN, GRAIN - YIELD, MEASURED IN BU / ACRE",TOTAL,NOT SPECIFIED,186.5,
SURVEY,2010,YEAR,,COUNTY,ILLINOIS,17,CENTRAL,40,DE WITT,39,,,0,,CORN,"CORN, GRAIN - YIELD, MEASURED IN BU / ACRE",TOTAL,NOT SPECIFIED,161.1,
SURVEY,2010,YEAR,,COUNTY,ILLINOIS,17,CENTRAL,40,LOGAN,107,,,0,,CORN,"CORN, GRAIN - YIELD, MEASURED IN BU / ACRE",TOTAL,NOT SPECIFIED,155.7,
SURVEY,2010,YEAR,,COUNTY,ILLINOIS,17,CENTRAL,40,MACON,115,,,0,,CORN,"CORN, GRAIN - YIELD, MEASURED IN BU / ACRE",TOTAL,NOT SPECIFIED,168.5,
SURVEY,2010,YEAR,,COUNTY,ILLINOIS,17,CENTRAL,40,MARSHALL,123,,,0,,CORN,"CORN, GRAIN - YIELD, MEASURED IN BU / ACRE",TOTAL,NOT SPECIFIED,163.3,
SURVEY,2010,YEAR,,COUNTY,ILLINOIS,17,CENTRAL,40,MASON,125,,,0,,CORN,"CORN, GRAIN - YIELD, MEASURED IN BU / ACRE",TOTAL,NOT SPECIFIED,141,
SURVEY,2010,YEAR,,COUNTY,ILLINOIS,17,CENTRAL,40,MCLEAN,113,,,0,,CORN,"CORN, GRAIN - YIELD, MEASURED IN BU / ACRE",TOTAL,NOT SPECIFIED,169.5,
SURVEY,2010,YEAR,,COUNTY,ILLINOIS,17,CENTRAL,40,MENARD,129,,,0,,CORN,"CORN, GRAIN - YIELD, MEASURED IN BU / ACRE",TOTAL,NOT SPECIFIED,145.6,
SURVEY,2010,YEAR,,COUNTY,ILLINOIS,17,CENTRAL,40,PEORIA,143,,,0,,CORN,"CORN, GRAIN - YIELD, MEASURED IN BU / ACRE",TOTAL,NOT SPECIFIED,157.6,
SURVEY,2010,YEAR,,COUNTY,ILLINOIS,17,CENTRAL,40,STARK,175,,,0,,CORN,"CORN, GRAIN - YIELD, MEASURED IN BU / ACRE",TOTAL,NOT SPECIFIED,165.9,
SURVEY,2010,YEAR,,COUNTY,ILLINOIS,17,CENTRAL,40,TAZEWELL,179,,,0,,CORN,"CORN, GRAIN - YIELD, MEASURED IN BU / ACRE",TOTAL,NOT SPECIFIED,163.4,
SURVEY,2010,YEAR,,COUNTY,ILLINOIS,17,CENTRAL,40,WOODFORD,203,,,0,,CORN,"CORN, GRAIN - YIELD, MEASURED IN BU / ACRE",TOTAL,NOT SPECIFIED,171.5,
SURVEY,2009,YEAR,,COUNTY,ILLINOIS,17,CENTRAL,40,DE WITT,39,,,0,,CORN,"CORN, GRAIN - YIELD, MEASURED IN BU / ACRE",TOTAL,NOT SPECIFIED,188,
SURVEY,2009,YEAR,,COUNTY,ILLINOIS,17,CENTRAL,40,LOGAN,107,,,0,,CORN,"CORN, GRAIN - YIELD, MEASURED IN BU / ACRE",TOTAL,NOT SPECIFIED,188,
SURVEY,2009,YEAR,,COUNTY,ILLINOIS,17,CENTRAL,40,MACON,115,,,0,,CORN,"CORN, GRAIN - YIELD, MEASURED IN BU / ACRE",TOTAL,NOT SPECIFIED,192,
SURVEY,2009,YEAR,,COUNTY,ILLINOIS,17,CENTRAL,40,MARSHALL,123,,,0,,CORN,"CORN, GRAIN - YIELD, MEASURED IN BU / ACRE",TOTAL,NOT SPECIFIED,172,
SURVEY,2009,YEAR,,COUNTY,ILLINOIS,17,CENTRAL,40,MASON,125,,,0,,CORN,"CORN, GRAIN - YIELD, MEASURED IN BU / ACRE",TOTAL,NOT SPECIFIED,165,
SURVEY,2009,YEAR,,COUNTY,ILLINOIS,17,CENTRAL,40,MCLEAN,113,,,0,,CORN,"CORN, GRAIN - YIELD, MEASURED IN BU / ACRE",TOTAL,NOT SPECIFIED,186,
SURVEY,2009,YEAR,,COUNTY,ILLINOIS,17,CENTRAL,40,MENARD,129,,,0,,CORN,"CORN, GRAIN - YIELD, MEASURED IN BU / ACRE",TOTAL,NOT SPECIFIED,190,
SURVEY,2009,YEAR,,COUNTY,ILLINOIS,17,CENTRAL,40,PEORIA,143,,,0,,CORN,"CORN, GRAIN - YIELD, MEASURED IN BU / ACRE",TOTAL,NOT SPECIFIED,176,
SURVEY,2009,YEAR,,COUNTY,ILLINOIS,17,CENTRAL,40,STARK,175,,,0,,CORN,"CORN, GRAIN - YIELD, MEASURED IN BU / ACRE",TOTAL,NOT SPECIFIED,172,
SURVEY,2009,YEAR,,COUNTY,ILLINOIS,17,CENTRAL,40,TAZEWELL,179,,,0,,CORN,"CORN, GRAIN - YIELD, MEASURED IN BU / ACRE",TOTAL,NOT SPECIFIED,182,
SURVEY,2009,YEAR,,COUNTY,ILLINOIS,17,CENTRAL,40,WOODFORD,203,,,0,,CORN,"CORN, GRAIN - YIELD, MEASURED IN BU / ACRE",TOTAL,NOT SPECIFIED,187,
SURVEY,2008,YEAR,,COUNTY,ILLINOIS,17,CENTRAL,40,DE WITT,39,,,0,,CORN,"CORN, GRAIN - YIELD, MEASURED IN BU / ACRE",TOTAL,NOT SPECIFIED,179,
SURVEY,2008,YEAR,,COUNTY,ILLINOIS,17,CENTRAL,40,LOGAN,107,,,0,,CORN,"CORN, GRAIN - YIELD, MEASURED IN BU / ACRE",TOTAL,NOT SPECIFIED,188,
SURVEY,2008,YEAR,,COUNTY,ILLINOIS,17,CENTRAL,40,MACON,115,,,0,,CORN,"CORN, GRAIN - YIELD, MEASURED IN BU / ACRE",TOTAL,NOT SPECIFIED,188,
SURVEY,2008,YEAR,,COUNTY,ILLINOIS,17,CENTRAL,40,MARSHALL,123,,,0,,CORN,"CORN, GRAIN - YIELD, MEASURED IN BU / ACRE",TOTAL,NOT SPECIFIED,197,
SURVEY,2008,YEAR,,COUNTY,ILLINOIS,17,CENTRAL,40,MASON,125,,,0,,CORN,"CORN, GRAIN - YIELD, MEASURED IN BU / ACRE",TOTAL,NOT SPECIFIED,182,
SURVEY,2008,YEAR,,COUNTY,ILLINOIS,17,CENTRAL,40,MCLEAN,113,,,0,,CORN,"CORN, GRAIN - YIELD, MEASURED IN BU / ACRE",TOTAL,NOT SPECIFIED,190,
SURVEY,2008,YEAR,,COUNTY,ILLINOIS,17,CENTRAL,40,MENARD,129,,,0,,CORN,"CORN, GRAIN - YIELD, MEASURED IN BU / ACRE",TOTAL,NOT SPECIFIED,198,
SURVEY,2008,YEAR,,COUNTY,ILLINOIS,17,CENTRAL,40,PEORIA,143,,,0,,CORN,"CORN, GRAIN - YIELD, MEASURED IN BU / ACRE",TOTAL,NOT SPECIFIED,201,
SURVEY,2008,YEAR,,COUNTY,ILLINOIS,17,CENTRAL,40,STARK,175,,,0,,CORN,"CORN, GRAIN - YIELD, MEASURED IN BU / ACRE",TOTAL,NOT SPECIFIED,203,
SURVEY,2008,YEAR,,COUNTY,ILLINOIS,17,CENTRAL,40,TAZEWELL,179,,,0,,CORN,"CORN, GRAIN - YIELD, MEASURED IN BU / ACRE",TOTAL,NOT SPECIFIED,200,
SURVEY,2008,YEAR,,COUNTY,ILLINOIS,17,CENTRAL,40,WOODFORD,203,,,0,,CORN,"CORN, GRAIN - YIELD, MEASURED IN BU / ACRE",TOTAL,NOT SPECIFIED,206,
SURVEY,2007,YEAR,,COUNTY,ILLINOIS,17,CENTRAL,40,DE WITT,39,,,0,,CORN,"CORN, GRAIN - YIELD, MEASURED IN BU / ACRE",TOTAL,NOT SPECIFIED,187,
SURVEY,2007,YEAR,,COUNTY,ILLINOIS,17,CENTRAL,40,LOGAN,107,,,0,,CORN,"CORN, GRAIN - YIELD, MEASURED IN BU / ACRE",TOTAL,NOT SPECIFIED,197,
SURVEY,2007,YEAR,,COUNTY,ILLINOIS,17,CENTRAL,40,MACON,115,,,0,,CORN,"CORN, GRAIN - YIELD, MEASURED IN BU / ACRE",TOTAL,NOT SPECIFIED,191,
SURVEY,2007,YEAR,,COUNTY,ILLINOIS,17,CENTRAL,40,MARSHALL,123,,,0,,CORN,"CORN, GRAIN - YIELD, MEASURED IN BU / ACRE",TOTAL,NOT SPECIFIED,189,
SURVEY,2007,YEAR,,COUNTY,ILLINOIS,17,CENTRAL,40,MASON,125,,,0,,CORN,"CORN, GRAIN - YIELD, MEASURED IN BU / ACRE",TOTAL,NOT SPECIFIED,178,
SURVEY,2007,YEAR,,COUNTY,ILLINOIS,17,CENTRAL,40,MCLEAN,113,,,0,,CORN,"CORN, GRAIN - YIELD, MEASURED IN BU / ACRE",TOTAL,NOT SPECIFIED,196,
SURVEY,2007,YEAR,,COUNTY,ILLINOIS,17,CENTRAL,40,MENARD,129,,,0,,CORN,"CORN, GRAIN - YIELD, MEASURED IN BU / ACRE",TOTAL,NOT SPECIFIED,199,
SURVEY,2007,YEAR,,COUNTY,ILLINOIS,17,CENTRAL,40,PEORIA,143,,,0,,CORN,"CORN, GRAIN - YIELD, MEASURED IN BU / ACRE",TOTAL,NOT SPECIFIED,188,
SURVEY,2007,YEAR,,COUNTY,ILLINOIS,17,CENTRAL,40,STARK,175,,,0,,CORN,"CORN, GRAIN - YIELD, MEASURED IN BU / ACRE",TOTAL,NOT SPECIFIED,194,
SURVEY,2007,YEAR,,COUNTY,ILLINOIS,17,CENTRAL,40,TAZEWELL,179,,,0,,CORN,"CORN, GRAIN - YIELD, MEASURED IN BU / ACRE",TOTAL,NOT SPECIFIED,191,
SURVEY,2007,YEAR,,COUNTY,ILLINOIS,17,CENTRAL,40,WOODFORD,203,,,0,,CORN,"CORN, GRAIN - YIELD, MEASURED IN BU / ACRE",TOTAL,NOT SPECIFIED,204,
SURVEY,2006,YEAR,,COUNTY,ILLINOIS,17,CENTRAL,40,DE WITT,39,,,0,,CORN,"CORN, GRAIN - YIELD, MEASURED IN BU / ACRE",TOTAL,NOT SPECIFIED,178,
SURVEY,2006,YEAR,,COUNTY,ILLINOIS,17,CENTRAL,40,LOGAN,107,,,0,,CORN,"CORN, GRAIN - YIELD, MEASURED IN BU / ACRE",TOTAL,NOT SPECIFIED,171,
SURVEY,2006,YEAR,,COUNTY,ILLINOIS,17,CENTRAL,40,MACON,115,,,0,,CORN,"CORN, GRAIN - YIELD, MEASURED IN BU / ACRE",TOTAL,NOT SPECIFIED,179,
SURVEY,2006,YEAR,,COUNTY,ILLINOIS,17,CENTRAL,40,MARSHALL,123,,,0,,CORN,"CORN, GRAIN - YIELD, MEASURED IN BU / ACRE",TOTAL,NOT SPECIFIED,174,
SURVEY,2006,YEAR,,COUNTY,ILLINOIS,17,CENTRAL,40,MASON,125,,,0,,CORN,"CORN, GRAIN - YIELD, MEASURED IN BU / ACRE",TOTAL,NOT SPECIFIED,155,
SURVEY,2006,YEAR,,COUNTY,ILLINOIS,17,CENTRAL,40,MCLEAN,113,,,0,,CORN,"CORN, GRAIN - YIELD, MEASURED IN BU / ACRE",TOTAL,NOT SPECIFIED,182,
SURVEY,2006,YEAR,,COUNTY,ILLINOIS,17,CENTRAL,40,MENARD,129,,,0,,CORN,"CORN, GRAIN - YIELD, MEASURED IN BU / ACRE",TOTAL,NOT SPECIFIED,166,
SURVEY,2006,YEAR,,COUNTY,ILLINOIS,17,CENTRAL,40,PEORIA,143,,,0,,CORN,"CORN, GRAIN - YIELD, MEASURED IN BU / ACRE",TOTAL,NOT SPECIFIED,171,
SURVEY,2006,YEAR,,COUNTY,ILLINOIS,17,CENTRAL,40,STARK,175,,,0,,CORN,"CORN, GRAIN - YIELD, MEASURED IN BU / ACRE",TOTAL,NOT SPECIFIED,179,
SURVEY,2006,YEAR,,COUNTY,ILLINOIS,17,CENTRAL,40,TAZEWELL,179,,,0,,CORN,"CORN, GRAIN - YIELD, MEASURED IN BU / ACRE",TOTAL,NOT SPECIFIED,176,
SURVEY,2006,YEAR,,COUNTY,ILLINOIS,17,CENTRAL,40,WOODFORD,203,,,0,,CORN,"CORN, GRAIN - YIELD, MEASURED IN BU / ACRE",TOTAL,NOT SPECIFIED,177,
SURVEY,2005,YEAR,,COUNTY,ILLINOIS,17,CENTRAL,40,DE WITT,39,,,0,,CORN,"CORN, GRAIN - YIELD, MEASURED IN BU / ACRE",TOTAL,NOT SPECIFIED,162,
SURVEY,2005,YEAR,,COUNTY,ILLINOIS,17,CENTRAL,40,LOGAN,107,,,0,,CORN,"CORN, GRAIN - YIELD, MEASURED IN BU / ACRE",TOTAL,NOT SPECIFIED,144,
SURVEY,2005,YEAR,,COUNTY,ILLINOIS,17,CENTRAL,40,MACON,115,,,0,,CORN,"CORN, GRAIN - YIELD, MEASURED IN BU / ACRE",TOTAL,NOT SPECIFIED,175,
SURVEY,2005,YEAR,,COUNTY,ILLINOIS,17,CENTRAL,40,MARSHALL,123,,,0,,CORN,"CORN, GRAIN - YIELD, MEASURED IN BU / ACRE",TOTAL,NOT SPECIFIED,142,
SURVEY,2005,YEAR,,COUNTY,ILLINOIS,17,CENTRAL,40,MASON,125,,,0,,CORN,"CORN, GRAIN - YIELD, MEASURED IN BU / ACRE",TOTAL,NOT SPECIFIED,123,
SURVEY,2005,YEAR,,COUNTY,ILLINOIS,17,CENTRAL,40,MCLEAN,113,,,0,,CORN,"CORN, GRAIN - YIELD, MEASURED IN BU / ACRE",TOTAL,NOT SPECIFIED,161,
SURVEY,2005,YEAR,,COUNTY,ILLINOIS,17,CENTRAL,40,MENARD,129,,,0,,CORN,"CORN, GRAIN - YIELD, MEASURED IN BU / ACRE",TOTAL,NOT SPECIFIED,132,
SURVEY,2005,YEAR,,COUNTY,ILLINOIS,17,CENTRAL,40,PEORIA,143,,,0,,CORN,"CORN, GRAIN - YIELD, MEASURED IN BU / ACRE",TOTAL,NOT SPECIFIED,119,
SURVEY,2005,YEAR,,COUNTY,ILLINOIS,17,CENTRAL,40,STARK,175,,,0,,CORN,"CORN, GRAIN - YIELD, MEASURED IN BU / ACRE",TOTAL,NOT SPECIFIED,123,
SURVEY,2005,YEAR,,COUNTY,ILLINOIS,17,CENTRAL,40,TAZEWELL,179,,,0,,CORN,"CORN, GRAIN - YIELD, MEASURED IN BU / ACRE",TOTAL,NOT SPECIFIED,142,
SURVEY,2005,YEAR,,COUNTY,ILLINOIS,17,CENTRAL,40,WOODFORD,203,,,0,,CORN,"CORN, GRAIN - YIELD, MEASURED IN BU / ACRE",TOTAL,NOT SPECIFIED,144,
SURVEY,2004,YEAR,,COUNTY,ILLINOIS,17,CENTRAL,40,DE WITT,39,,,0,,CORN,"CORN, GRAIN - YIELD, MEASURED IN BU / ACRE",TOTAL,NOT SPECIFIED,181,
SURVEY,2004,YEAR,,COUNTY,ILLINOIS,17,CENTRAL,40,LOGAN,107,,,0,,CORN,"CORN, GRAIN - YIELD, MEASURED IN BU / ACRE",TOTAL,NOT SPECIFIED,188,
SURVEY,2004,YEAR,,COUNTY,ILLINOIS,17,CENTRAL,40,MACON,115,,,0,,CORN,"CORN, GRAIN - YIELD, MEASURED IN BU / ACRE",TOTAL,NOT SPECIFIED,191,
SURVEY,2004,YEAR,,COUNTY,ILLINOIS,17,CENTRAL,40,MARSHALL,123,,,0,,CORN,"CORN, GRAIN - YIELD, MEASURED IN BU / ACRE",TOTAL,NOT SPECIFIED,183,
SURVEY,2004,YEAR,,COUNTY,ILLINOIS,17,CENTRAL,40,MASON,125,,,0,,CORN,"CORN, GRAIN - YIELD, MEASURED IN BU / ACRE",TOTAL,NOT SPECIFIED,179,
SURVEY,2004,YEAR,,COUNTY,ILLINOIS,17,CENTRAL,40,MCLEAN,113,,,0,,CORN,"CORN, GRAIN - YIELD, MEASURED IN BU / ACRE",TOTAL,NOT SPECIFIED,185,
SURVEY,2004,YEAR,,COUNTY,ILLINOIS,17,CENTRAL,40,MENARD,129,,,0,,CORN,"CORN, GRAIN - YIELD, MEASURED IN BU / ACRE",TOTAL,NOT SPECIFIED,191,
SURVEY,2004,YEAR,,COUNTY,ILLINOIS,17,CENTRAL,40,PEORIA,143,,,0,,CORN,"CORN, GRAIN - YIELD, MEASURED IN BU / ACRE",TOTAL,NOT SPECIFIED,192,
SURVEY,2004,YEAR,,COUNTY,ILLINOIS,17,CENTRAL,40,STARK,175,,,0,,CORN,"CORN, GRAIN - YIELD, MEASURED IN BU / ACRE",TOTAL,NOT SPECIFIED,189,
SURVEY,2004,YEAR,,COUNTY,ILLINOIS,17,CENTRAL,40,TAZEWELL,179,,,0,,CORN,"CORN, GRAIN - YIELD, MEASURED IN BU / ACRE",TOTAL,NOT SPECIFIED,187,
SURVEY,2004,YEAR,,COUNTY,ILLINOIS,17,CENTRAL,40,WOODFORD,203,,,0,,CORN,"CORN, GRAIN - YIELD, MEASURED IN BU / ACRE",TOTAL,NOT SPECIFIED,182,
SURVEY,2003,YEAR,,COUNTY,ILLINOIS,17,CENTRAL,40,DE WITT,39,,,0,,CORN,"CORN, GRAIN - YIELD, MEASURED IN BU / ACRE",TOTAL,NOT SPECIFIED,181,
SURVEY,2003,YEAR,,COUNTY,ILLINOIS,17,CENTRAL,40,LOGAN,107,,,0,,CORN,"CORN, GRAIN - YIELD, MEASURED IN BU / ACRE",TOTAL,NOT SPECIFIED,189,
SURVEY,2003,YEAR,,COUNTY,ILLINOIS,17,CENTRAL,40,MACON,115,,,0,,CORN,"CORN, GRAIN - YIELD, MEASURED IN BU / ACRE",TOTAL,NOT SPECIFIED,188,
SURVEY,2003,YEAR,,COUNTY,ILLINOIS,17,CENTRAL,40,MARSHALL,123,,,0,,CORN,"CORN, GRAIN - YIELD, MEASURED IN BU / ACRE",TOTAL,NOT SPECIFIED,173,
SURVEY,2003,YEAR,,COUNTY,ILLINOIS,17,CENTRAL,40,MASON,125,,,0,,CORN,"CORN, GRAIN - YIELD, MEASURED IN BU / ACRE",TOTAL,NOT SPECIFIED,175,
SURVEY,2003,YEAR,,COUNTY,ILLINOIS,17,CENTRAL,40,MCLEAN,113,,,0,,CORN,"CORN, GRAIN - YIELD, MEASURED IN BU / ACRE",TOTAL,NOT SPECIFIED,182,
SURVEY,2003,YEAR,,COUNTY,ILLINOIS,17,CENTRAL,40,MENARD,129,,,0,,CORN,"CORN, GRAIN - YIELD, MEASURED IN BU / ACRE",TOTAL,NOT SPECIFIED,194,
SURVEY,2003,YEAR,,COUNTY,ILLINOIS,17,CENTRAL,40,PEORIA,143,,,0,,CORN,"CORN, GRAIN - YIELD, MEASURED IN BU / ACRE",TOTAL,NOT SPECIFIED,177,
SURVEY,2003,YEAR,,COUNTY,ILLINOIS,17,CENTRAL,40,STARK,175,,,0,,CORN,"CORN, GRAIN - YIELD, MEASURED IN BU / ACRE",TOTAL,NOT SPECIFIED,175,
SURVEY,2003,YEAR,,COUNTY,ILLINOIS,17,CENTRAL,40,TAZEWELL,179,,,0,,CORN,"CORN, GRAIN - YIELD, MEASURED IN BU / ACRE",TOTAL,NOT SPECIFIED,188,
SURVEY,2003,YEAR,,COUNTY,ILLINOIS,17,CENTRAL,40,WOODFORD,203,,,0,,CORN,"CORN, GRAIN - YIELD, MEASURED IN BU / ACRE",TOTAL,NOT SPECIFIED,187,
SURVEY,2002,YEAR,,COUNTY,ILLINOIS,17,CENTRAL,40,DE WITT,39,,,0,,CORN,"CORN, GRAIN - YIELD, MEASURED IN BU / ACRE",TOTAL,NOT SPECIFIED,133,
SURVEY,2002,YEAR,,COUNTY,ILLINOIS,17,CENTRAL,40,LOGAN,107,,,0,,CORN,"CORN, GRAIN - YIELD, MEASURED IN BU / ACRE",TOTAL,NOT SPECIFIED,153,
SURVEY,2002,YEAR,,COUNTY,ILLINOIS,17,CENTRAL,40,MACON,115,,,0,,CORN,"CORN, GRAIN - YIELD, MEASURED IN BU / ACRE",TOTAL,NOT SPECIFIED,133,
SURVEY,2002,YEAR,,COUNTY,ILLINOIS,17,CENTRAL,40,MARSHALL,123,,,0,,CORN,"CORN, GRAIN - YIELD, MEASURED IN BU / ACRE",TOTAL,NOT SPECIFIED,146,
SURVEY,2002,YEAR,,COUNTY,ILLINOIS,17,CENTRAL,40,MASON,125,,,0,,CORN,"CORN, GRAIN - YIELD, MEASURED IN BU / ACRE",TOTAL,NOT SPECIFIED,139,
SURVEY,2002,YEAR,,COUNTY,ILLINOIS,17,CENTRAL,40,MCLEAN,113,,,0,,CORN,"CORN, GRAIN - YIELD, MEASURED IN BU / ACRE",TOTAL,NOT SPECIFIED,144,
SURVEY,2002,YEAR,,COUNTY,ILLINOIS,17,CENTRAL,40,MENARD,129,,,0,,CORN,"CORN, GRAIN - YIELD, MEASURED IN BU / ACRE",TOTAL,NOT SPECIFIED,154,
SURVEY,2002,YEAR,,COUNTY,ILLINOIS,17,CENTRAL,40,PEORIA,143,,,0,,CORN,"CORN, GRAIN - YIELD, MEASURED IN BU / ACRE",TOTAL,NOT SPECIFIED,161,
SURVEY,2002,YEAR,,COUNTY,ILLINOIS,17,CENTRAL,40,STARK,175,,,0,,CORN,"CORN, GRAIN - YIELD, MEASURED IN BU / ACRE",TOTAL,NOT SPECIFIED,167,
SURVEY,2002,YEAR,,COUNTY,ILLINOIS,17,CENTRAL,40,TAZEWELL,179,,,0,,CORN,"CORN, GRAIN - YIELD, MEASURED IN BU / ACRE",TOTAL,NOT SPECIFIED,150,
SURVEY,2002,YEAR,,COUNTY,ILLINOIS,17,CENTRAL,40,WOODFORD,203,,,0,,CORN,"CORN, GRAIN - YIELD, MEASURED IN BU / ACRE",TOTAL,NOT SPECIFIED,158,
SURVEY,2001,YEAR,,COUNTY,ILLINOIS,17,CENTRAL,40,DE WITT,39,,,0,,CORN,"CORN, GRAIN - YIELD, MEASURED IN BU / ACRE",TOTAL,NOT SPECIFIED,158,
SURVEY,2001,YEAR,,COUNTY,ILLINOIS,17,CENTRAL,40,LOGAN,107,,,0,,CORN,"CORN, GRAIN - YIELD, MEASURED IN BU / ACRE",TOTAL,NOT SPECIFIED,151,
SURVEY,2001,YEAR,,COUNTY,ILLINOIS,17,CENTRAL,40,MACON,115,,,0,,CORN,"CORN, GRAIN - YIELD, MEASURED IN BU / ACRE",TOTAL,NOT SPECIFIED,169,
SURVEY,2001,YEAR,,COUNTY,ILLINOIS,17,CENTRAL,40,MARSHALL,123,,,0,,CORN,"CORN, GRAIN - YIELD, MEASURED IN BU / ACRE",TOTAL,NOT SPECIFIED,158,
SURVEY,2001,YEAR,,COUNTY,ILLINOIS,17,CENTRAL,40,MASON,125,,,0,,CORN,"CORN, GRAIN - YIELD, MEASURED IN BU / ACRE",TOTAL,NOT SPECIFIED,134,
SURVEY,2001,YEAR,,COUNTY,ILLINOIS,17,CENTRAL,40,MCLEAN,113,,,0,,CORN,"CORN, GRAIN - YIELD, MEASURED IN BU / ACRE",TOTAL,NOT SPECIFIED,158,
SURVEY,2001,YEAR,,COUNTY,ILLINOIS,17,CENTRAL,40,MENARD,129,,,0,,CORN,"CORN, GRAIN - YIELD, MEASURED IN BU / ACRE",TOTAL,NOT SPECIFIED,149,
SURVEY,2001,YEAR,,COUNTY,ILLINOIS,17,CENTRAL,40,PEORIA,143,,,0,,CORN,"CORN, GRAIN - YIELD, MEASURED IN BU / ACRE",TOTAL,NOT SPECIFIED,162,
SURVEY,2001,YEAR,,COUNTY,ILLINOIS,17,CENTRAL,40,STARK,175,,,0,,CORN,"CORN, GRAIN - YIELD, MEASURED IN BU / ACRE",TOTAL,NOT SPECIFIED,164,
SURVEY,2001,YEAR,,COUNTY,ILLINOIS,17,CENTRAL,40,TAZEWELL,179,,,0,,CORN,"CORN, GRAIN - YIELD, MEASURED IN BU / ACRE",TOTAL,NOT SPECIFIED,154,
SURVEY,2001,YEAR,,COUNTY,ILLINOIS,17,CENTRAL,40,WOODFORD,203,,,0,,CORN,"CORN, GRAIN - YIELD, MEASURED IN BU / ACRE",TOTAL,NOT SPECIFIED,168,
SURVEY,2000,YEAR,,COUNTY,ILLINOIS,17,CENTRAL,40,DE WITT,39,,,0,,CORN,"CORN, GRAIN - YIELD, MEASURED IN BU / ACRE",TOTAL,NOT SPECIFIED,160,
SURVEY,2000,YEAR,,COUNTY,ILLINOIS,17,CENTRAL,40,LOGAN,107,,,0,,CORN,"CORN, GRAIN - YIELD, MEASURED IN BU / ACRE",TOTAL,NOT SPECIFIED,163,
SURVEY,2000,YEAR,,COUNTY,ILLINOIS,17,CENTRAL,40,MACON,115,,,0,,CORN,"CORN, GRAIN - YIELD, MEASURED IN BU / ACRE",TOTAL,NOT SPECIFIED,172,
SURVEY,2000,YEAR,,COUNTY,ILLINOIS,17,CENTRAL,40,MARSHALL,123,,,0,,CORN,"CORN, GRAIN - YIELD, MEASURED IN BU / ACRE",TOTAL,NOT SPECIFIED,155,
SURVEY,2000,YEAR,,COUNTY,ILLINOIS,17,CENTRAL,40,MASON,125,,,0,,CORN,"CORN, GRAIN - YIELD, MEASURED IN BU / ACRE",TOTAL,NOT SPECIFIED,149,
SURVEY,2000,YEAR,,COUNTY,ILLINOIS,17,CENTRAL,40,MCLEAN,113,,,0,,CORN,"CORN, GRAIN - YIELD, MEASURED IN BU / ACRE",TOTAL,NOT SPECIFIED,155,
SURVEY,2000,YEAR,,COUNTY,ILLINOIS,17,CENTRAL,40,MENARD,129,,,0,,CORN,"CORN, GRAIN - YIELD, MEASURED IN BU / ACRE",TOTAL,NOT SPECIFIED,166,
SURVEY,2000,YEAR,,COUNTY,ILLINOIS,17,CENTRAL,40,PEORIA,143,,,0,,CORN,"CORN, GRAIN - YIELD, MEASURED IN BU / ACRE",TOTAL,NOT SPECIFIED,151,
SURVEY,2000,YEAR,,COUNTY,ILLINOIS,17,CENTRAL,40,STARK,175,,,0,,CORN,"CORN, GRAIN - YIELD, MEASURED IN BU / ACRE",TOTAL,NOT SPECIFIED,154,
SURVEY,2000,YEAR,,COUNTY,ILLINOIS,17,CENTRAL,40,TAZEWELL,179,,,0,,CORN,"CORN, GRAIN - YIELD, MEASURED IN BU / ACRE",TOTAL,NOT SPECIFIED,165,
SURVEY,2000,YEAR,,COUNTY,ILLINOIS,17,CENTRAL,40,WOODFORD,203,,,0,,CORN,"CORN, GRAIN - YIELD, MEASURED IN BU / ACRE",TOTAL,NOT SPECIFIED,158,
